,0,1,2,3,4,5,6,7,8
0,0.0,0.0,0.0,0.0,0.0,0.0,2.538120791931549e-05,-2.7085606391804807e-05,1.2665348709404147e-05
1,0.0,0.0,1.0,0.0,0.0,0.25,0.0,0.0,0.25
2,0.0,0.0,2.0,0.0,0.0,0.5,-4.5480930187781874e-05,1.833331719195221e-05,0.49997779559132643
3,0.0,0.0,3.0,0.0,0.0,0.75,-0.00012754933564081578,6.571568252819555e-06,0.7499770973630763
4,0.0,0.0,4.0,0.0,0.0,1.0,-0.00015690435940574762,-2.4319940823594394e-05,0.9999914121012782
5,0.0,1.0,0.0,0.0,0.25,0.0,-1.0874643618290396e-05,0.24995288931755089,3.286689250669656e-05
6,0.0,1.0,2.0,0.0,0.25,0.5,0.0,0.25,0.5
7,0.0,1.0,4.0,0.0,0.25,1.0,-0.00016212826868091418,0.24999718714138427,1.000000809955196
8,0.0,2.0,0.0,0.0,0.5,0.0,-1.9500504138354265e-05,0.4999246719015144,2.271869161232052e-05
9,0.0,2.0,1.0,0.0,0.5,0.25,0.0,0.5,0.25
10,0.0,2.0,2.0,0.0,0.5,0.5,-1.8671253139294348e-05,0.5000103092630648,0.4999857861656887
11,0.0,2.0,3.0,0.0,0.5,0.75,-8.081096141847777e-05,0.50000951052054,0.7499941278147153
12,0.0,2.0,4.0,0.0,0.5,1.0,-0.00011867944631437706,0.5000161388636527,0.9999920980689503
13,0.0,3.0,0.0,0.0,0.75,0.0,-1.5292314019712118e-05,0.7499231633200912,1.9367975107912377e-05
14,0.0,3.0,2.0,0.0,0.75,0.5,0.0,0.75,0.5
15,0.0,3.0,4.0,0.0,0.75,1.0,-0.00010071803934152637,0.7500380985063845,0.9999863033173203
16,0.0,4.0,0.0,0.0,1.0,0.0,2.5569239091356467e-06,0.9999117163781704,2.144744249354469e-06
17,0.0,4.0,1.0,0.0,1.0,0.25,0.0,1.0,0.25
18,0.0,4.0,2.0,0.0,1.0,0.5,-9.399870697476062e-06,1.00000453930986,0.49996466335243384
19,0.0,4.0,3.0,0.0,1.0,0.75,2.4794353553238064e-05,1.0000225960443891,0.7499528571975996
20,0.0,4.0,4.0,0.0,1.0,1.0,-5.706183500651478e-05,1.000049580076937,0.9999379139231007
21,1.0,0.0,0.0,0.25,0.0,0.0,0.25001087712763037,-1.6634830681938048e-05,1.3599571898930807e-05
22,1.0,0.0,2.0,0.25,0.0,0.5,0.24992050393228754,-3.34172525241119e-05,0.5000647139145621
23,1.0,0.0,4.0,0.25,0.0,1.0,0.24979763058720988,6.957815534908267e-06,1.0000578234682767
24,1.0,2.0,0.0,0.25,0.5,0.0,0.25000245678411365,0.49993792977365764,2.8300069873352083e-05
25,1.0,2.0,2.0,0.25,0.5,0.5,0.24996199074468317,0.49998294180332037,0.5000212690819448
26,1.0,2.0,4.0,0.25,0.5,1.0,0.24984916709870014,0.5000363681801252,1.0000188909507375
27,1.0,4.0,0.0,0.25,1.0,0.0,0.24999586321089678,0.9998924229988766,-6.987356650832471e-05
28,1.0,4.0,2.0,0.25,1.0,0.5,0.24998243556283423,0.9999813123939857,0.4999566242058882
29,1.0,4.0,4.0,0.25,1.0,1.0,0.24986833336175315,1.0000405770683918,0.9999547088550993
30,2.0,0.0,0.0,0.5,0.0,0.0,0.4999543773477433,-8.821312202766415e-05,8.999442278840641e-05
31,2.0,0.0,1.0,0.5,0.0,0.25,0.4999201771652222,-7.415979864729091e-05,0.25011838325986774
32,2.0,0.0,2.0,0.5,0.0,0.5,0.4998842754661525,-1.2318088514197582e-05,0.5001517683525756
33,2.0,0.0,3.0,0.5,0.0,0.75,0.49982513512245,3.14728565507038e-05,0.7501496567532665
34,2.0,0.0,4.0,0.5,0.0,1.0,0.49974389462957486,6.435091756670439e-05,1.00013476188442
35,2.0,1.0,0.0,0.5,0.25,0.0,0.4999759551392672,0.2499069806711729,8.99485337123148e-05
36,2.0,1.0,2.0,0.5,0.25,0.5,0.4999114397895076,0.2499944739118994,0.5000919282490193
37,2.0,1.0,4.0,0.5,0.25,1.0,0.49976933931697526,0.25005761019007106,1.000104163911878
38,2.0,2.0,0.0,0.5,0.5,0.0,0.4999650344509724,0.49989067959225914,4.5577303186407215e-05
39,2.0,2.0,1.0,0.5,0.5,0.25,0.49995937606494123,0.49993059254658423,0.2500550730271735
40,2.0,2.0,2.0,0.5,0.5,0.5,0.499940238617156,0.49999136011701184,0.50006193016874
41,2.0,2.0,3.0,0.5,0.5,0.75,0.4998774780471209,0.5000124585497734,0.7500585236414675
42,2.0,2.0,4.0,0.5,0.5,1.0,0.49980397775295216,0.5000538194753888,1.000048635503808
43,2.0,3.0,0.0,0.5,0.75,0.0,0.500003837889851,0.7498906200626492,2.195964112349106e-05
44,2.0,3.0,2.0,0.5,0.75,0.5,0.4999305447006581,0.7499949165360369,0.5000194882812978
45,2.0,3.0,4.0,0.5,0.75,1.0,0.49984970157779196,0.7500467551329237,0.9999983703504688
46,2.0,4.0,0.0,0.5,1.0,0.0,0.5000043759937802,0.9998903885433795,-1.3136017102266476e-05
47,2.0,4.0,1.0,0.5,1.0,0.25,0.4999963705195007,0.9999430147514697,0.24997909838607954
48,2.0,4.0,2.0,0.5,1.0,0.5,0.49994746935012063,0.9999923668635384,0.4999743236054188
49,2.0,4.0,3.0,0.5,1.0,0.75,0.49986464459409397,1.0000227178213195,0.7499782230633396
50,2.0,4.0,4.0,0.5,1.0,1.0,0.49982762606252024,1.0000176527942441,0.9999752514063545
51,3.0,0.0,0.0,0.75,0.0,0.0,0.7499340747547644,-0.000122840191797965,0.0001610246129007928
52,3.0,0.0,2.0,0.75,0.0,0.5,0.7498511994102977,-2.8186102778510448e-05,0.5002025574430375
53,3.0,0.0,4.0,0.75,0.0,1.0,0.7497724325913722,0.00010521551866149037,1.0002083189841968
54,3.0,2.0,0.0,0.75,0.5,0.0,0.7499851352716035,0.4998683259851274,8.036492284094838e-05
55,3.0,2.0,2.0,0.75,0.5,0.5,0.7499100669074691,0.499971649213666,0.5000806449445727
56,3.0,2.0,4.0,0.75,0.5,1.0,0.7498342722743646,0.5001072012471753,1.0000860467021242
57,3.0,4.0,0.0,0.75,1.0,0.0,0.750019052598829,0.9998625988088372,-3.46330837645198e-05
58,3.0,4.0,2.0,0.75,1.0,0.5,0.7499726453414206,0.9999670451775219,0.4999463521400787
59,3.0,4.0,4.0,0.75,1.0,1.0,0.7499054538911499,1.0000868010262498,0.9999597248265487
60,4.0,0.0,0.0,1.0,0.0,0.0,0.9998947225973474,-0.0001774309209466683,0.000250231095846465
61,4.0,0.0,1.0,1.0,0.0,0.25,0.9998768594969377,-9.879960073829875e-05,0.2502363554702811
62,4.0,0.0,2.0,1.0,0.0,0.5,0.9998577007419507,-1.5493928959557626e-05,0.5002229733771205
63,4.0,0.0,3.0,1.0,0.0,0.75,0.9998348072279054,8.104692510864223e-05,0.7502414508925346
64,4.0,0.0,4.0,1.0,0.0,1.0,0.9998054049157751,0.00019323428022673778,1.0002474344606183
65,4.0,1.0,0.0,1.0,0.25,0.0,0.9999424388679597,0.2498200823942943,0.00015821910157890425
66,4.0,1.0,2.0,1.0,0.25,0.5,0.999886527565136,0.24998167416198003,0.5001611748884397
67,4.0,1.0,4.0,1.0,0.25,1.0,0.999878544628222,0.25017087094596546,1.00017823572131
68,4.0,2.0,0.0,1.0,0.5,0.0,0.999976256601651,0.4998068180132816,9.388792092094519e-05
69,4.0,2.0,1.0,1.0,0.5,0.25,0.9999536434442817,0.49989442958038843,0.25009748626206996
70,4.0,2.0,2.0,1.0,0.5,0.5,0.9999227830265455,0.4999891850078408,0.5000864957651004
71,4.0,2.0,3.0,1.0,0.5,0.75,0.9999367366205616,0.500060728160245,0.7500884220496236
72,4.0,2.0,4.0,1.0,0.5,1.0,0.9999426373230154,0.5001409611712018,1.000107577280344
73,4.0,3.0,0.0,1.0,0.75,0.0,1.0000062724759193,0.7497949611846122,1.2785138364151625e-05
74,4.0,3.0,2.0,1.0,0.75,0.5,0.9999494793795654,0.7499956323396111,0.5000025320391941
75,4.0,3.0,4.0,1.0,0.75,1.0,0.999965390764015,0.7501260410322584,1.0000133902109831
76,4.0,4.0,0.0,1.0,1.0,0.0,1.0000873721381787,0.999785109216768,-7.32720989085025e-05
77,4.0,4.0,1.0,1.0,1.0,0.25,1.0000575016356592,0.9998976417907054,0.24991969038589004
78,4.0,4.0,2.0,1.0,1.0,0.5,0.9999915565838678,1.000003409162284,0.4999017593822388
79,4.0,4.0,3.0,1.0,1.0,0.75,0.9999893091380175,1.000064375525053,0.7499143226178939
80,4.0,4.0,4.0,1.0,1.0,1.0,0.9999822901749881,1.0001155626097868,0.99992733637136
81,5.0,0.0,0.0,1.25,0.0,0.0,1.2499098566193165,-0.00023581240075980778,0.00025018473130950284
82,5.0,0.0,2.0,1.25,0.0,0.5,1.2498650448696984,-3.736165867912206e-05,0.5002559050167074
83,5.0,0.0,4.0,1.25,0.0,1.0,1.2498418995910252,0.00015756313600355122,1.0002614095026703
84,5.0,2.0,0.0,1.25,0.5,0.0,1.2499881805775306,0.4997416195994849,5.40295555531301e-05
85,5.0,2.0,2.0,1.25,0.5,0.5,1.249970624066705,0.4999438403902284,0.5000450230260233
86,5.0,2.0,4.0,1.25,0.5,1.0,1.2499461706988158,0.500183993907158,1.000022139198128
87,5.0,4.0,0.0,1.25,1.0,0.0,1.2500994498175517,0.9997225605338877,-0.00016805433316930793
88,5.0,4.0,2.0,1.25,1.0,0.5,1.2500505465553822,0.9999430749555058,0.4998188514239456
89,5.0,4.0,4.0,1.25,1.0,1.0,1.2500481203717824,1.0001987093144131,0.9997797105756338
90,6.0,0.0,0.0,1.5,0.0,0.0,1.4999368990234514,-0.00027291419303504766,0.00026975109604456606
91,6.0,0.0,1.0,1.5,0.0,0.25,1.4999295490923534,-0.0001859212202029008,0.2502548006391044
92,6.0,0.0,2.0,1.5,0.0,0.5,1.4998724381947102,-8.43173460901994e-05,0.5002333417995383
93,6.0,0.0,3.0,1.5,0.0,0.75,1.499864021280611,6.099767178231837e-05,0.7502380032171163
94,6.0,0.0,4.0,1.5,0.0,1.0,1.4998025018754186,0.00023768943585528152,1.000231558582701
95,6.0,1.0,0.0,1.5,0.25,0.0,1.4999993963442249,0.24968458804288904,0.00016190289822447525
96,6.0,1.0,2.0,1.5,0.25,0.5,1.499918765056275,0.2499358936149896,0.5001235388896341
97,6.0,1.0,4.0,1.5,0.25,1.0,1.4998623294621054,0.25020742498946863,1.000117436225012
98,6.0,2.0,0.0,1.5,0.5,0.0,1.5000865886851455,0.49964482735113247,4.466651331061749e-05
99,6.0,2.0,1.0,1.5,0.5,0.25,1.5000362164343617,0.4997974607725889,0.25002172301228587
100,6.0,2.0,2.0,1.5,0.5,0.5,1.4999761754561907,0.4999524139013853,0.4999992581079272
101,6.0,2.0,3.0,1.5,0.5,0.75,1.4999587270357584,0.5000766554674676,0.7500053674469792
102,6.0,2.0,4.0,1.5,0.5,1.0,1.4999207617920993,0.5001894055726763,1.0000287338026972
103,6.0,3.0,0.0,1.5,0.75,0.0,1.5001169572145965,0.749634011151325,-9.292785462297696e-05
104,6.0,3.0,2.0,1.5,0.75,0.5,1.5000393785292305,0.7499755863557498,0.4998536734785348
105,6.0,3.0,4.0,1.5,0.75,1.0,1.4999689909805887,0.7501940377513441,0.9998834463976304
106,6.0,4.0,0.0,1.5,1.0,0.0,1.5002354846722514,0.9996158857868532,-0.0001937219892196159
107,6.0,4.0,1.0,1.5,1.0,0.25,1.5001840086679894,0.9997805438502979,0.2497432940366196
108,6.0,4.0,2.0,1.5,1.0,0.5,1.5000932190255365,1.0000016112783598,0.4996753358625696
109,6.0,4.0,3.0,1.5,1.0,0.75,1.5000897108245235,1.0000930766815286,0.7497125995582137
110,6.0,4.0,4.0,1.5,1.0,1.0,1.5000335583194677,1.0001977216177467,0.9997474178896574
111,7.0,0.0,0.0,1.75,0.0,0.0,1.750045466245,-0.00039740964775952054,0.0003497818856028547
112,7.0,0.0,2.0,1.75,0.0,0.5,1.7498878212318423,-0.00012456754278995295,0.5003719235197198
113,7.0,0.0,4.0,1.75,0.0,1.0,1.7496891274106237,0.00021823898629708702,1.000398727090717
114,7.0,2.0,0.0,1.75,0.5,0.0,1.750165596388352,0.4995614632477091,8.550349553408402e-05
115,7.0,2.0,2.0,1.75,0.5,0.5,1.7500202817994583,0.499864612882511,0.5000663369727676
116,7.0,2.0,4.0,1.75,0.5,1.0,1.7498159553263366,0.5002474122604608,1.0000309414299489
117,7.0,4.0,0.0,1.75,1.0,0.0,1.7503292352256852,0.9995437363224698,-0.0002966507090485266
118,7.0,4.0,2.0,1.75,1.0,0.5,1.7501619944338602,0.9998537697848756,0.49970921657228684
119,7.0,4.0,4.0,1.75,1.0,1.0,1.7499668721249015,1.000286945449302,0.9996353209544608
120,8.0,0.0,0.0,2.0,0.0,0.0,2.00012662392836,-0.00047286134002216633,0.0005751978011335347
121,8.0,0.0,1.0,2.0,0.0,0.25,1.9999549254724682,-0.00033490679648410886,0.25061498005345234
122,8.0,0.0,2.0,2.0,0.0,0.5,1.999854152642896,-0.0001472257055512923,0.5006456003241305
123,8.0,0.0,3.0,2.0,0.0,0.75,1.9996507975176407,7.850611123659628e-05,0.7506160597938368
124,8.0,0.0,4.0,2.0,0.0,1.0,1.9994559775796639,0.0002724137544341406,1.000567443142728
125,8.0,1.0,0.0,2.0,0.25,0.0,2.000174155955787,0.24944052385247986,0.0004367341316473732
126,8.0,1.0,2.0,2.0,0.25,0.5,1.9999146860595733,0.24986673614212856,0.5004490001527317
127,8.0,1.0,4.0,2.0,0.25,1.0,1.9994854587670905,0.25027026743092445,1.0004173781059917
128,8.0,2.0,0.0,2.0,0.5,0.0,2.0002253245225803,0.4993705551326322,0.0002601106498232062
129,8.0,2.0,1.0,2.0,0.5,0.25,2.0000997036988752,0.4996300230024435,0.2502533746009045
130,8.0,2.0,2.0,2.0,0.5,0.5,1.9999939233577912,0.4998888897228746,0.5002653195393613
131,8.0,2.0,3.0,2.0,0.5,0.75,1.9997667113015196,0.5000762342612552,0.7502482290473218
132,8.0,2.0,4.0,2.0,0.5,1.0,1.9995583818248588,0.5002796542027782,1.0002304389182557
133,8.0,3.0,0.0,2.0,0.75,0.0,2.0002881842335607,0.749346346467381,7.389732138787593e-05
134,8.0,3.0,2.0,2.0,0.75,0.5,2.000076755145646,0.7499126919170642,0.5000226706186566
135,8.0,3.0,4.0,2.0,0.75,1.0,1.9996006998279494,0.7502833013695624,1.0000456985855526
136,8.0,4.0,0.0,2.0,1.0,0.0,2.0004045074485974,0.9993246009456014,-0.0001053839990113685
137,8.0,4.0,1.0,2.0,1.0,0.25,2.0002778683772444,0.9996210513656809,0.2498323289227966
138,8.0,4.0,2.0,2.0,1.0,0.5,2.00016138562715,0.999940842412967,0.49975953134861933
139,8.0,4.0,3.0,2.0,1.0,0.75,1.9998942792033767,1.000101369410279,0.7497872721325654
140,8.0,4.0,4.0,2.0,1.0,1.0,1.999652387056241,1.0002783690509407,0.9998159609245527
141,9.0,0.0,0.0,2.25,0.0,0.0,2.250158975353599,-0.0007621591050835902,0.0011093432003691107
142,9.0,0.0,2.0,2.25,0.0,0.5,2.2497731893357478,-0.0002141376762048912,0.5011914069743596
143,9.0,0.0,4.0,2.25,0.0,1.0,2.2494038511574317,0.000386751641813642,1.0012486086573968
144,9.0,2.0,0.0,2.25,0.5,0.0,2.2502935778434163,0.4991974806992975,0.0005882526791215379
145,9.0,2.0,2.0,2.25,0.5,0.5,2.2499553438698743,0.49975908463845503,0.5005856255779138
146,9.0,2.0,4.0,2.25,0.5,1.0,2.2496280178536194,0.5004291438585763,1.0006086795184257
147,9.0,4.0,0.0,2.25,1.0,0.0,2.250523435680249,0.9991776651680865,-5.4549812683870776e-05
148,9.0,4.0,2.0,2.25,1.0,0.5,2.2501692004648897,0.9997234201636734,0.4999929873557076
149,9.0,4.0,4.0,2.25,1.0,1.0,2.2498669685397283,1.000446480006933,0.9998882392133627
150,10.0,0.0,0.0,2.5,0.0,0.0,2.4999711234627813,-0.00106691275478278,0.0016637737034591032
151,10.0,0.0,1.0,2.5,0.0,0.25,2.4997792830661094,-0.0006938424454505414,0.25173198939289854
152,10.0,0.0,2.0,2.5,0.0,0.5,2.499771273471945,-0.0002415086870788342,0.5017890994152534
153,10.0,0.0,3.0,2.5,0.0,0.75,2.4996434491467943,0.000226171679947595,0.7517430104596715
154,10.0,0.0,4.0,2.5,0.0,1.0,2.4994695702945355,0.0007020865163888057,1.001643177906348
155,10.0,1.0,0.0,2.5,0.25,0.0,2.500122778197003,0.24890159786381597,0.0012919674513718156
156,10.0,1.0,2.0,2.5,0.25,0.5,2.4998909459943706,0.2497724716510383,0.5013508552436198
157,10.0,1.0,4.0,2.5,0.25,1.0,2.4995438847798077,0.25066276503390594,1.0012304466358268
158,10.0,2.0,0.0,2.5,0.5,0.0,2.5001337839581486,0.4988576976970356,0.000853944395574782
159,10.0,2.0,1.0,2.5,0.5,0.25,2.5001053722002093,0.49931483885288,0.25090712182751296
160,10.0,2.0,2.0,2.5,0.5,0.5,2.5000659800196336,0.49979600645166705,0.5009461890677006
161,10.0,2.0,3.0,2.5,0.5,0.75,2.4998622963188124,0.5001948422114753,0.7508828857943748
162,10.0,2.0,4.0,2.5,0.5,1.0,2.4996849432248673,0.5006269613216732,1.000830971494682
163,10.0,3.0,0.0,2.5,0.75,0.0,2.5002915785044286,0.7488176788466971,0.000508164117997411
164,10.0,3.0,2.0,2.5,0.75,0.5,2.5002137004501765,0.7498341392064165,0.5004700013367264
165,10.0,3.0,4.0,2.5,0.75,1.0,2.499820136763911,0.7505902027463185,1.0004727482983722
166,10.0,4.0,0.0,2.5,1.0,0.0,2.5004605099161843,0.9987803015545821,0.0001085383735946769
167,10.0,4.0,1.0,2.5,1.0,0.25,2.5004344831011895,0.9993259995461351,0.2500626404458124
168,10.0,4.0,2.0,2.5,1.0,0.5,2.5004086440446844,0.9998774571633369,0.5000035573821852
169,10.0,4.0,3.0,2.5,1.0,0.75,2.5001167163825797,1.0002090238319261,0.7500485951115411
170,10.0,4.0,4.0,2.5,1.0,1.0,2.4998934810873736,1.0005459542021078,1.000125529339415
171,11.0,0.0,0.0,2.75,0.0,0.0,2.74963993276303,-0.001604776256787049,0.0019251154080314704
172,11.0,0.0,2.0,2.75,0.0,0.5,2.7497093679886238,-0.00039144834653554665,0.502002904269133
173,11.0,0.0,4.0,2.75,0.0,1.0,2.74992150579351,0.0009788623125873343,1.0021656418913747
174,11.0,2.0,0.0,2.75,0.5,0.0,2.7499714507503006,0.4984127360284838,0.0007443545665032117
175,11.0,2.0,2.0,2.75,0.5,0.5,2.7500625337955094,0.49956499048213376,0.5007637207762998
176,11.0,2.0,4.0,2.75,0.5,1.0,2.7503242593732393,0.5009158302094888,1.0007702871115325
177,11.0,4.0,0.0,2.75,1.0,0.0,2.7503222459294205,0.9984504432298433,-0.000522003557682343
178,11.0,4.0,2.0,2.75,1.0,0.5,2.750443562929438,0.9995195562001418,0.4995878287521634
179,11.0,4.0,4.0,2.75,1.0,1.0,2.750833313286403,1.0008673661623881,0.9994445728833043
180,12.0,0.0,0.0,3.0,0.0,0.0,2.9992597052701444,-0.002200183369816756,0.0016518021136019104
181,12.0,0.0,1.0,3.0,0.0,0.25,2.9997235717872655,-0.001388537282733487,0.2517196674021273
182,12.0,0.0,2.0,3.0,0.0,0.5,2.9999590332423973,-0.0005170732558188772,0.5017583783894406
183,12.0,0.0,3.0,3.0,0.0,0.75,3.0005627272369426,0.0003089920691529324,0.7517313417145677
184,12.0,0.0,4.0,3.0,0.0,1.0,3.000843408253231,0.0012649342111613147,1.0016687947827505
185,12.0,1.0,0.0,3.0,0.25,0.0,2.999639844136419,0.24782959314646566,0.0008188556392566863
186,12.0,1.0,2.0,3.0,0.25,0.5,3.000190387270798,0.24948408664365537,0.5008790612908195
187,12.0,1.0,4.0,3.0,0.25,1.0,3.0010997016283034,0.25116614740956716,1.0007825261766816
188,12.0,2.0,0.0,3.0,0.5,0.0,2.999921882977816,0.4978096972779852,2.5183208190289843e-05
189,12.0,2.0,1.0,3.0,0.5,0.25,3.0003610410420984,0.4986370664741685,0.25004106227798856
190,12.0,2.0,2.0,3.0,0.5,0.5,3.000487749134424,0.49950366445033373,0.500021863636984
191,12.0,2.0,3.0,3.0,0.5,0.75,3.001080722267389,0.5002802987977382,0.7499968836926989
192,12.0,2.0,4.0,3.0,0.5,1.0,3.001392631347778,0.5010756533381542,0.9999962519406694
193,12.0,3.0,0.0,3.0,0.75,0.0,3.000080404922138,0.747749907445545,-0.0006927140313181375
194,12.0,3.0,2.0,3.0,0.75,0.5,3.0008003045962974,0.7495507979256247,0.4991088497437845
195,12.0,3.0,4.0,3.0,0.75,1.0,3.0016983167556597,0.7510338787062966,0.999280312619733
196,12.0,4.0,0.0,3.0,1.0,0.0,3.000507809545674,0.9977086135869531,-0.0013884648177615823
197,12.0,4.0,1.0,3.0,1.0,0.25,3.001008030995645,0.998624460086841,0.2484142542918428
198,12.0,4.0,2.0,3.0,1.0,0.5,3.001116438463448,0.9995928027466452,0.49816290830602594
199,12.0,4.0,3.0,3.0,1.0,0.75,3.001656459573652,1.0002787879391755,0.7483777056525273
200,12.0,4.0,4.0,3.0,1.0,1.0,3.0019658817854107,1.0009881086004757,0.9986191804160084
201,13.0,0.0,0.0,3.25,0.0,0.0,3.2490701987077557,-0.0029443721915663333,0.00038393988544548654
202,13.0,0.0,2.0,3.25,0.0,0.5,3.250139688632017,-0.0009545206872963415,0.5003694497484128
203,13.0,0.0,4.0,3.25,0.0,1.0,3.2513166796455115,0.001168386702717725,1.0004735075906679
204,13.0,2.0,0.0,3.25,0.5,0.0,3.249655924575568,0.4970517242709203,-0.0015839974393900206
205,13.0,2.0,2.0,3.25,0.5,0.5,3.2507495289604837,0.49899434096818224,0.49838950679272553
206,13.0,2.0,4.0,3.25,0.5,1.0,3.251882073696145,0.5011170658577916,0.9983155102463072
207,13.0,4.0,0.0,3.25,1.0,0.0,3.2501924149051487,0.9970720956134975,-0.003796243629747295
208,13.0,4.0,2.0,3.25,1.0,0.5,3.2512685234354324,0.9989660586749616,0.4964812845498657
209,13.0,4.0,4.0,3.25,1.0,1.0,3.2524961934646948,1.0011097807416987,0.9961523407012332
210,14.0,0.0,0.0,3.5,0.0,0.0,3.4994035676063913,-0.0034766597421295835,-0.0011202872321247543
211,14.0,0.0,1.0,3.5,0.0,0.25,3.5002009336606887,-0.0023757822592558805,0.24889354701818184
212,14.0,0.0,2.0,3.5,0.0,0.5,3.5004651255806913,-0.0012134651277524173,0.49891119822048124
213,14.0,0.0,3.0,3.5,0.0,0.75,3.5012839766370414,-5.307295792227838e-05,0.7487727876380081
214,14.0,0.0,4.0,3.5,0.0,1.0,3.501640032118976,0.0010981600984620056,0.9986549494427418
215,14.0,1.0,0.0,3.5,0.25,0.0,3.499798468214053,0.2464802568590433,-0.0022445156861919504
216,14.0,1.0,2.0,3.5,0.25,0.5,3.500723866637034,0.24881176775222497,0.49768565514625696
217,14.0,1.0,4.0,3.5,0.25,1.0,3.5019300601274947,0.2510920144054325,0.9975962823576531
218,14.0,2.0,0.0,3.5,0.5,0.0,3.5002014644102903,0.49644520201333886,-0.0034259187273177763
219,14.0,2.0,1.0,3.5,0.5,0.25,3.5008104186114117,0.4976285137929327,0.24650121789987323
220,14.0,2.0,2.0,3.5,0.5,0.5,3.5010039143673692,0.49883602193786725,0.4964504490671926
221,14.0,2.0,3.0,3.5,0.5,0.75,3.5018339281134403,0.49997147763265176,0.7464801505485268
222,14.0,2.0,4.0,3.5,0.5,1.0,3.5022645855578833,0.5010883172633132,0.9965332393331434
223,14.0,3.0,0.0,3.5,0.75,0.0,3.5003468684208494,0.7463480857012785,-0.00434846149606141
224,14.0,3.0,2.0,3.5,0.75,0.5,3.5013413300683474,0.7488813019182091,0.4950889851539453
225,14.0,3.0,4.0,3.5,0.75,1.0,3.502569400483663,0.7511487660459053,0.9953942756405626
226,14.0,4.0,0.0,3.5,1.0,0.0,3.5007341268222425,0.9962395034114019,-0.00527381954691331
227,14.0,4.0,1.0,3.5,1.0,0.25,3.5014293045229503,0.997566128239807,0.24421043147173488
228,14.0,4.0,2.0,3.5,1.0,0.5,3.5016212434614915,0.9989374208278795,0.4936905408368689
229,14.0,4.0,3.0,3.5,1.0,0.75,3.5025408123732173,1.0000077026044651,0.7439161168004472
230,14.0,4.0,4.0,3.5,1.0,1.0,3.502937781383965,1.0012079354045282,0.9941624042410111
231,15.0,0.0,0.0,3.75,0.0,0.0,3.750090538200398,-0.003843227973044215,-0.0020754150239496554
232,15.0,0.0,2.0,3.75,0.0,0.5,3.7507022245052566,-0.0014695196290266555,0.497823588376149
233,15.0,0.0,4.0,3.75,0.0,1.0,3.7511094950730475,0.0009760453304689692,0.9979493377594768
234,15.0,2.0,0.0,3.75,0.5,0.0,3.750486381486903,0.49604557749522377,-0.004516778789348999
235,15.0,2.0,2.0,3.75,0.5,0.5,3.751158048502915,0.4985073696736227,0.4954350107614451
236,15.0,2.0,4.0,3.75,0.5,1.0,3.751546797574245,0.501046017906726,0.9953851186098501
237,15.0,4.0,0.0,3.75,1.0,0.0,3.7508985203949163,0.9960186575198533,-0.007487718597040912
238,15.0,4.0,2.0,3.75,1.0,0.5,3.7515043085816684,0.9984961655636924,0.49306386866324764
239,15.0,4.0,4.0,3.75,1.0,1.0,3.751907151043994,1.0011115906890216,0.9927745718140062
240,16.0,0.0,0.0,4.0,0.0,0.0,4.000797309359248,-0.003902882668358092,-0.002118765158743494
241,16.0,0.0,1.0,4.0,0.0,0.25,4.000593611042222,-0.0025791309393999235,0.24793385099018975
242,16.0,0.0,2.0,4.0,0.0,0.5,4.000559913474881,-0.0012982027196659133,0.4979876621933824
243,16.0,0.0,3.0,4.0,0.0,0.75,4.0002965287940055,2.665759766631474e-05,0.7478511803199911
244,16.0,0.0,4.0,4.0,0.0,1.0,4.000268362459502,0.0012773329381561933,0.9976967038916666
245,16.0,1.0,0.0,4.0,0.25,0.0,4.0008012669798205,0.24605195652096487,-0.0034200482844329834
246,16.0,1.0,2.0,4.0,0.25,0.5,4.000630816170604,0.24872560506435806,0.4966299167112706
247,16.0,1.0,4.0,4.0,0.25,1.0,4.000341405105958,0.2512797838465349,0.9965425204037267
248,16.0,2.0,0.0,4.0,0.5,0.0,4.000889786412263,0.4960299999317564,-0.004687763101869928
249,16.0,2.0,1.0,4.0,0.5,0.25,4.000723240081013,0.4973864459980537,0.2452444905970364
250,16.0,2.0,2.0,4.0,0.5,0.5,4.000698584418391,0.4987396432798198,0.49523131016255934
251,16.0,2.0,3.0,4.0,0.5,0.75,4.000436667676669,0.5000135316583634,0.7452968175942358
252,16.0,2.0,4.0,4.0,0.5,1.0,4.0004209457438575,0.5012858529739322,0.9953467977827316
253,16.0,3.0,0.0,4.0,0.75,0.0,4.000875840004883,0.7459499477584098,-0.005518517658038615
254,16.0,3.0,2.0,4.0,0.75,0.5,4.0008224252570885,0.748767866391324,0.4937292511928001
255,16.0,3.0,4.0,4.0,0.75,1.0,4.000525507282125,0.751309641254358,0.9940382404700145
256,16.0,4.0,0.0,4.0,1.0,0.0,4.000864662545359,0.9958739269577066,-0.00640194368398149
257,16.0,4.0,1.0,4.0,1.0,0.25,4.000808335664018,0.9973566271359545,0.2429061306670643
258,16.0,4.0,2.0,4.0,1.0,0.5,4.000867875628168,0.9987902091220744,0.4922099322732361
259,16.0,4.0,3.0,4.0,1.0,0.75,4.0006777552381765,1.0000743120648157,0.7424810935411884
260,16.0,4.0,4.0,4.0,1.0,1.0,4.000684429567412,1.0013329954003762,0.9927335965924093
261,17.0,0.0,0.0,4.25,0.0,0.0,4.251231675622993,-0.00343784753970755,-0.0008446376932224901
262,17.0,0.0,2.0,4.25,0.0,0.5,4.250477551886682,-0.0008184310753418562,0.4989908551811583
263,17.0,0.0,4.0,4.25,0.0,1.0,4.249811815246693,0.0018429673570489115,0.9991182166497954
264,17.0,2.0,0.0,4.25,0.5,0.0,4.251082282546702,0.49655344314210326,-0.003591250817861184
265,17.0,2.0,2.0,4.25,0.5,0.5,4.250462593828928,0.49918842280589387,0.49644919094178797
266,17.0,2.0,4.0,4.25,0.5,1.0,4.24989645517479,0.5018982953884288,0.9963661934664716
267,17.0,4.0,0.0,4.25,1.0,0.0,4.251007610304615,0.996610433307782,-0.006860877910732405
268,17.0,4.0,2.0,4.25,1.0,0.5,4.250430831808943,0.9991719673269919,0.493993677574325
269,17.0,4.0,4.0,4.25,1.0,1.0,4.249891284411042,1.0018480351265326,0.9937524403796381
270,18.0,0.0,0.0,4.5,0.0,0.0,4.50131537690016,-0.0026609575359366885,0.0004063203777863616
271,18.0,0.0,1.0,4.5,0.0,0.25,4.500487859032186,-0.0012869878538849782,0.25051442536829843
272,18.0,0.0,2.0,4.5,0.0,0.5,4.5002161321114516,-3.798107356586179e-06,0.5008041381773193
273,18.0,0.0,3.0,4.5,0.0,0.75,4.499865415848583,0.001563611077025571,0.7506711551569345
274,18.0,0.0,4.0,4.5,0.0,1.0,4.499489099854362,0.0030802403364630325,1.0005733584858603
275,18.0,1.0,0.0,4.5,0.25,0.0,4.501016456230712,0.24727741267421674,-0.000756613225819133
276,18.0,1.0,2.0,4.5,0.25,0.5,4.500131389980163,0.2500018059263963,0.4992965844812495
277,18.0,1.0,4.0,4.5,0.25,1.0,4.499431804387461,0.25299831966991165,0.999201148363322
278,18.0,2.0,0.0,4.5,0.5,0.0,4.500758687561062,0.4971995457781069,-0.002093771547057731
279,18.0,2.0,1.0,4.5,0.5,0.25,4.500246587534513,0.49864944370922054,0.2479153179998799
280,18.0,2.0,2.0,4.5,0.5,0.5,4.500059138199749,0.5000193582117625,0.4978186765173476
281,18.0,2.0,3.0,4.5,0.5,0.75,4.499716931940396,0.5014901116781786,0.7478180750972169
282,18.0,2.0,4.0,4.5,0.5,1.0,4.499354906917991,0.502925906653144,0.9978323308661583
283,18.0,3.0,0.0,4.5,0.75,0.0,4.500704680509929,0.7472535380495549,-0.0025836090006283265
284,18.0,3.0,2.0,4.5,0.75,0.5,4.499992545809725,0.75003083606994,0.49625299362659686
285,18.0,3.0,4.0,4.5,0.75,1.0,4.499329443977725,0.7528895542816887,0.9964489461075479
286,18.0,4.0,0.0,4.5,1.0,0.0,4.500493596540312,0.9972823254507938,-0.0030117629750142263
287,18.0,4.0,1.0,4.5,1.0,0.25,4.499977356988349,0.9986652969185852,0.24592370547194523
288,18.0,4.0,2.0,4.5,1.0,0.5,4.499940871890855,1.0000684046827157,0.4947895768431483
289,18.0,4.0,3.0,4.5,1.0,0.75,4.499599626165242,1.0015765707272284,0.7448750851948103
290,18.0,4.0,4.0,4.5,1.0,1.0,4.499335054067411,1.00285828900087,0.995033254791457
291,19.0,0.0,0.0,4.75,0.0,0.0,4.75094805392173,-0.001748012389989792,0.0017471000359965492
292,19.0,0.0,2.0,4.75,0.0,0.5,4.750550458992956,0.0010139193520024281,0.5014193870322534
293,19.0,0.0,4.0,4.75,0.0,1.0,4.75058232343081,0.003917616790728468,1.0016764901588129
294,19.0,2.0,0.0,4.75,0.5,0.0,4.750697380381982,0.4983640298445887,-0.0011311662951652532
295,19.0,2.0,2.0,4.75,0.5,0.5,4.750313016521966,0.50097532540981,0.49886513571289903
296,19.0,2.0,4.0,4.75,0.5,1.0,4.750371515292979,0.5038278749133185,0.9988379812621442
297,19.0,4.0,0.0,4.75,1.0,0.0,4.750425549626933,0.998270088418794,-0.004874487357420639
298,19.0,4.0,2.0,4.75,1.0,0.5,4.750143814022685,1.000947724966818,0.4963238319947248
299,19.0,4.0,4.0,4.75,1.0,1.0,4.750307715509082,1.0038964928479832,0.995995636563798
300,20.0,0.0,0.0,5.0,0.0,0.0,5.000561625242441,-0.0007779237435979585,0.0007451562588870495
301,20.0,0.0,1.0,5.0,0.0,0.25,5.000862192441447,0.0002896582309618312,0.2514178647011705
302,20.0,0.0,2.0,5.0,0.0,0.5,5.0008550923112765,0.0014734801354529103,0.5015471907380945
303,20.0,0.0,3.0,5.0,0.0,0.75,5.000636108744516,0.0032293948318849863,0.7516910803022641
304,20.0,0.0,4.0,5.0,0.0,1.0,5.000164940587181,0.020837536241722045,4.6015782712742705
305,20.0,1.0,0.0,5.0,0.25,0.0,5.000622597814461,0.2491037354948599,0.0
306,20.0,1.0,2.0,5.0,0.25,0.5,5.000834296625214,0.2514901079794138,0.5003039817372879
307,20.0,1.0,4.0,5.0,0.25,1.0,5.000244296583485,0.2707196793578897,4.600186568270261
308,20.0,2.0,0.0,5.0,0.5,0.0,5.000742880922202,0.4990552621820142,0.0
309,20.0,2.0,1.0,5.0,0.5,0.25,5.000778180784546,0.5001948178787161,0.24934169181561086
310,20.0,2.0,2.0,5.0,0.5,0.5,5.000808228129771,0.5015021190142475,0.49891674571914507
311,20.0,2.0,3.0,5.0,0.5,0.75,5.000849678586722,0.5033098003905286,0.7488761506495076
312,20.0,2.0,4.0,5.0,0.5,1.0,5.000340145175363,0.520607993612518,4.598861927235587
313,20.0,3.0,0.0,5.0,0.75,0.0,5.000758002403943,0.7490346804610147,0.0
314,20.0,3.0,2.0,5.0,0.75,0.5,5.000746540721201,0.7516290163351493,0.49753698975800353
315,20.0,3.0,4.0,5.0,0.75,1.0,5.00037488084101,0.7709532533710232,4.597445095923637
316,20.0,4.0,0.0,5.0,1.0,0.0,5.0008592330675405,0.9990895085420768,0.0
317,20.0,4.0,1.0,5.0,1.0,0.25,5.00078675553149,1.0004143925532418,0.24785107370714166
318,20.0,4.0,2.0,5.0,1.0,0.5,5.0006835466581165,1.0017357144993284,0.49592943090851316
319,20.0,4.0,3.0,5.0,1.0,0.75,5.000889582486211,1.003191700819618,0.7458911487854808
320,20.0,4.0,4.0,5.0,1.0,1.0,5.0004176810472485,1.0213136630651662,4.596025107959769
321,21.0,0.0,0.0,5.25,0.0,0.0,5.250375077738649,-0.0007865186414535404,0.0
322,21.0,0.0,2.0,5.25,0.0,0.5,5.250597438311654,0.0012859699255705567,0.5011585337704781
323,21.0,0.0,4.0,5.25,0.0,1.0,5.250451119110442,0.004177835841672146,1.0014657826111504
324,21.0,2.0,0.0,5.25,0.5,0.0,5.250650014350487,0.49879953955980083,-0.001206327123848931
325,21.0,2.0,2.0,5.25,0.5,0.5,5.250899329699376,0.5012579161840716,0.4986818269885224
326,21.0,2.0,4.0,5.25,0.5,1.0,5.250711058778667,0.5041184756101154,0.9986558122826831
327,21.0,4.0,0.0,5.25,1.0,0.0,5.25077561492292,0.9984667162988773,-0.005209724823182109
328,21.0,4.0,2.0,5.25,1.0,0.5,5.251426960340403,1.0013399409772743,0.49606560551423606
329,21.0,4.0,4.0,5.25,1.0,1.0,5.250995414850209,1.004284449732458,0.995836900509421
330,22.0,0.0,0.0,5.5,0.0,0.0,5.500395454577721,-0.0017209679143348241,0.0007893351466274477
331,22.0,0.0,1.0,5.5,0.0,0.25,5.5004032840972314,-0.0009292283920032191,0.2510914117641879
332,22.0,0.0,2.0,5.5,0.0,0.5,5.50051647749716,0.0002972485782008209,0.5012358860507741
333,22.0,0.0,3.0,5.5,0.0,0.75,5.500594660895134,0.0017989373843558768,0.7512023622604165
334,22.0,0.0,4.0,5.5,0.0,1.0,5.500608932662541,0.003194239603313376,1.0010884660885198
335,22.0,1.0,0.0,5.5,0.25,0.0,5.500675840442567,0.24801956227784702,0.00013392947863195698
336,22.0,1.0,2.0,5.5,0.25,0.5,5.500687086641588,0.25030689440168047,0.4998211916758221
337,22.0,1.0,4.0,5.5,0.25,1.0,5.500724648009,0.2531642426434051,0.9997899446274933
338,22.0,2.0,0.0,5.5,0.5,0.0,5.500796444742629,0.49780227921553616,-0.001505713277767513
339,22.0,2.0,1.0,5.5,0.5,0.25,5.500967476000372,0.4990658934738028,0.24849783518061253
340,22.0,2.0,2.0,5.5,0.5,0.5,5.500912011832511,0.5003368632301931,0.49848049511775777
341,22.0,2.0,3.0,5.5,0.5,0.75,5.500820667521248,0.5017637776703606,0.7484793098846299
342,22.0,2.0,4.0,5.5,0.5,1.0,5.500822642932109,0.5031325591775735,0.9984739326247569
343,22.0,3.0,0.0,5.5,0.75,0.0,5.501009748654259,0.7478105590777405,-0.0019335112661802813
344,22.0,3.0,2.0,5.5,0.75,0.5,5.501092331271631,0.7503688867073903,0.4969606909287709
345,22.0,3.0,4.0,5.5,0.75,1.0,5.500979431802674,0.7531281874414805,0.9971291488161488
346,22.0,4.0,0.0,5.5,1.0,0.0,5.501332275218537,0.9978188420693617,-0.002473610957434651
347,22.0,4.0,1.0,5.5,1.0,0.25,5.501436104712365,0.9990960424770504,0.2465725501520341
348,22.0,4.0,2.0,5.5,1.0,0.5,5.5012464412122855,1.0004048317539636,0.4954527921125284
349,22.0,4.0,3.0,5.5,1.0,0.75,5.501047027326532,1.0018113756300668,0.7456298455902176
350,22.0,4.0,4.0,5.5,1.0,1.0,5.501117560012861,1.0031236115482094,0.9957586756637317
351,23.0,0.0,0.0,5.75,0.0,0.0,5.750434153493231,-0.0026134986305513847,0.0008605455283845437
352,23.0,0.0,2.0,5.75,0.0,0.5,5.750707962382004,0.000228493861647934,0.5010973337419034
353,23.0,0.0,4.0,5.75,0.0,1.0,5.7508474145726405,0.0032176989860499263,1.0011208938976168
354,23.0,2.0,0.0,5.75,0.5,0.0,5.750675547483912,0.4972187611199457,-0.0018949984532094098
355,23.0,2.0,2.0,5.75,0.5,0.5,5.750971227343628,0.5002065534779644,0.4981885795608283
356,23.0,2.0,4.0,5.75,0.5,1.0,5.751143438225082,0.5031822108313277,0.9980874091907349
357,23.0,4.0,0.0,5.75,1.0,0.0,5.7508154450393665,0.9972102146311478,-0.005499121741685301
358,23.0,4.0,2.0,5.75,1.0,0.5,5.751331769112088,1.0001783782570615,0.49538511206852986
359,23.0,4.0,4.0,5.75,1.0,1.0,5.751418929084124,1.0031422517656392,0.9951739496636632
360,24.0,0.0,0.0,6.0,0.0,0.0,6.000540708087719,-0.0029829352804414673,0.0008648368076644064
361,24.0,0.0,1.0,6.0,0.0,0.25,6.000794556976141,-0.0013482381317832357,0.25070492537898365
362,24.0,0.0,2.0,6.0,0.0,0.5,6.000797312772399,0.00016415323677103057,0.5005971404233306
363,24.0,0.0,3.0,6.0,0.0,0.75,6.0010599220104455,0.001725084933602044,0.7505516348338331
364,24.0,0.0,4.0,6.0,0.0,1.0,6.001159537000573,0.0033614814589416975,1.0005288340622593
365,24.0,1.0,0.0,6.0,0.25,0.0,6.000729252312057,0.24709487056616247,-0.000941042374656013
366,24.0,1.0,2.0,6.0,0.25,0.5,6.000929571094269,0.25014756439936064,0.49900630415700464
367,24.0,1.0,4.0,6.0,0.25,1.0,6.001292446038129,0.25331719245648127,0.9989971291444556
368,24.0,2.0,0.0,6.0,0.5,0.0,6.000926230764341,0.4971580935253182,-0.0024614005167980335
369,24.0,2.0,1.0,6.0,0.5,0.25,6.001090359162909,0.49863515237830774,0.24747240923371092
370,24.0,2.0,2.0,6.0,0.5,0.5,6.001093436287156,0.5001236464667758,0.4974008732446809
371,24.0,2.0,3.0,6.0,0.5,0.75,6.001348445186156,0.5017035721082391,0.7474465115913944
372,24.0,2.0,4.0,6.0,0.5,1.0,6.00141715201804,0.5032779177966293,0.9974934686486467
373,24.0,3.0,0.0,6.0,0.75,0.0,6.001034188612304,0.7471329671871295,-0.003497023568336336
374,24.0,3.0,2.0,6.0,0.75,0.5,6.001233527453249,0.7501151457156272,0.4957104866451499
375,24.0,3.0,4.0,6.0,0.75,1.0,6.001566891880692,0.7533131786215123,0.995859013058898
376,24.0,4.0,0.0,6.0,1.0,0.0,6.001263061837503,0.9971056648543608,-0.004520147729452054
377,24.0,4.0,1.0,6.0,1.0,0.25,6.001384232705963,0.998605338668813,0.24473774131266568
378,24.0,4.0,2.0,6.0,1.0,0.5,6.00135584472192,1.0001083798913335,0.4940126126950998
379,24.0,4.0,3.0,6.0,1.0,0.75,6.001652175104998,1.0016999567301534,0.7440864853961632
380,24.0,4.0,4.0,6.0,1.0,1.0,6.0017378131299255,1.003356305061054,0.9941929642712682
381,25.0,0.0,0.0,6.25,0.0,0.0,6.250924777220722,-0.0029526635866214375,2.9571513295615365e-05
382,25.0,0.0,2.0,6.25,0.0,0.5,6.25095921542946,-1.1258756405552964e-06,0.49993972595410224
383,25.0,0.0,4.0,6.25,0.0,1.0,6.250881626643463,0.0027907559360052206,0.9999512023685556
384,25.0,2.0,0.0,6.25,0.5,0.0,6.251160439185587,0.4970516469148068,-0.0028411122676042723
385,25.0,2.0,2.0,6.25,0.5,0.5,6.2512103010292925,0.4999770216576388,0.4971169102539431
386,25.0,2.0,4.0,6.25,0.5,1.0,6.25113758707072,0.5028102381640784,0.9970465309270361
387,25.0,4.0,0.0,6.25,1.0,0.0,6.251376727495407,0.9970372281676251,-0.006164353014103587
388,25.0,4.0,2.0,6.25,1.0,0.5,6.251501913475546,0.999978622541953,0.49441520894810725
389,25.0,4.0,4.0,6.25,1.0,1.0,6.2513621385501725,1.0027915056376342,0.994244984320718
390,26.0,0.0,0.0,6.5,0.0,0.0,6.501444182897144,-0.0026013660326974345,6.771406503009703e-05
391,26.0,0.0,1.0,6.5,0.0,0.25,6.501038303699843,-0.0014279552590455008,0.25004380594551767
392,26.0,0.0,2.0,6.5,0.0,0.5,6.50082674351705,-0.0002495504434928412,0.5000310513234022
393,26.0,0.0,3.0,6.5,0.0,0.75,6.500411487399391,0.0010217046246215886,0.7499844851143819
394,26.0,0.0,4.0,6.5,0.0,1.0,6.500287680713679,0.002257833092083012,0.9999483223595234
395,26.0,1.0,0.0,6.5,0.25,0.0,6.501382856702158,0.2473546150578837,-0.001146028885332285
396,26.0,1.0,2.0,6.5,0.25,0.5,6.50092116806326,0.24974167844328532,0.49878507521820736
397,26.0,1.0,4.0,6.5,0.25,1.0,6.5003373517519565,0.25224022527845935,0.9987960043661194
398,26.0,2.0,0.0,6.5,0.5,0.0,6.501418261029006,0.49732398075519985,-0.002451779977309404
399,26.0,2.0,1.0,6.5,0.5,0.25,6.501103093277588,0.49853510641847354,0.24753137036489467
400,26.0,2.0,2.0,6.5,0.5,0.5,6.500997402258574,0.4997315882717704,0.497534826265157
401,26.0,2.0,3.0,6.5,0.5,0.75,6.500547807155884,0.5009878784306965,0.7475768330312808
402,26.0,2.0,4.0,6.5,0.5,1.0,6.5003578331086675,0.5022303230228679,0.9976212198356663
403,26.0,3.0,0.0,6.5,0.75,0.0,6.501528454235966,0.7473122798218473,-0.0033211776129527903
404,26.0,3.0,2.0,6.5,0.75,0.5,6.501054492445751,0.7496963959402431,0.496150427218196
405,26.0,3.0,4.0,6.5,0.75,1.0,6.500429125022485,0.7522875103848846,0.9962959926052111
406,26.0,4.0,0.0,6.5,1.0,0.0,6.501480481906104,0.9972987870193462,-0.004223172192623845
407,26.0,4.0,1.0,6.5,1.0,0.25,6.501159263570801,0.9984949409786836,0.24527399697352711
408,26.0,4.0,2.0,6.5,1.0,0.5,6.501125494906827,0.9996639961941841,0.49478630091792464
409,26.0,4.0,3.0,6.5,1.0,0.75,6.500692984924465,1.0009966525760359,0.7448549375852952
410,26.0,4.0,4.0,6.5,1.0,1.0,6.5005282549866665,1.0023419253690864,0.9949395721750947
411,27.0,0.0,0.0,6.75,0.0,0.0,6.751503968984549,-0.0022049486156402237,0.001279244216075246
412,27.0,0.0,2.0,6.75,0.0,0.5,6.750745607931199,-0.0001670343228091808,0.5012795281583636
413,27.0,0.0,4.0,6.75,0.0,1.0,6.749924526025386,0.0017724914991994723,1.0012810392918339
414,27.0,2.0,0.0,6.75,0.5,0.0,6.751609510175746,0.4978162354344988,-0.0006872829095035288
415,27.0,2.0,2.0,6.75,0.5,0.5,6.750841720476827,0.49983041141362733,0.4993040067337297
416,27.0,2.0,4.0,6.75,0.5,1.0,6.750055145134606,0.5017883824083844,0.9992548684296141
417,27.0,4.0,0.0,6.75,1.0,0.0,6.75168739060761,0.9978303510482026,-0.0029221621937464536
418,27.0,4.0,2.0,6.75,1.0,0.5,6.751023619746709,0.9998471895099675,0.4974924388996171
419,27.0,4.0,4.0,6.75,1.0,1.0,6.750155092979646,1.0017234279265907,0.9973859830015187
420,28.0,0.0,0.0,7.0,0.0,0.0,7.001235872218133,-0.0018840654614861257,0.0025714471415093287
421,28.0,0.0,1.0,7.0,0.0,0.25,7.000768125788693,-0.0010759148864091478,0.25256714172497796
422,28.0,0.0,2.0,7.0,0.0,0.5,7.000540073229134,-0.00032264088454028614,0.5025617340834561
423,28.0,0.0,3.0,7.0,0.0,0.75,7.00016915381785,0.00042942571259173994,0.7525294826646208
424,28.0,0.0,4.0,7.0,0.0,1.0,7.000050358409316,0.001176080050624937,1.0025075021170995
425,28.0,1.0,0.0,7.0,0.25,0.0,7.0011519843347925,0.24813529360710146,0.001714017626583788
426,28.0,1.0,2.0,7.0,0.25,0.5,7.00061003995351,0.2496627621292936,0.501785401827569
427,28.0,1.0,4.0,7.0,0.25,1.0,7.000081599880569,0.2511202098617467,1.0018277553417625
428,28.0,2.0,0.0,7.0,0.5,0.0,7.001133003946057,0.4981554194348667,0.000944013104107744
429,28.0,2.0,1.0,7.0,0.5,0.25,7.000770267563296,0.4989025915564511,0.25100310498460093
430,28.0,2.0,2.0,7.0,0.5,0.5,7.000661286594945,0.49964729907958766,0.5010244313866261
431,28.0,2.0,3.0,7.0,0.5,0.75,7.000255578243765,0.5003620475305248,0.7511039639137825
432,28.0,2.0,4.0,7.0,0.5,1.0,7.000080242692412,0.5010686068727657,1.001163906661622
433,28.0,3.0,0.0,7.0,0.75,0.0,7.001183002464533,0.7482023024892964,0.0004491071041698415
434,28.0,3.0,2.0,7.0,0.75,0.5,7.000669150315198,0.7495933732410024,0.5001772084584293
435,28.0,3.0,4.0,7.0,0.75,1.0,7.000133100096528,0.7510843695376326,1.0003740125079277
436,28.0,4.0,0.0,7.0,1.0,0.0,7.001088110683635,0.9982597482090069,-1.971598314246632e-05
437,28.0,4.0,1.0,7.0,1.0,0.25,7.000746594456444,0.9989006953327203,0.2496813136468446
438,28.0,4.0,2.0,7.0,1.0,0.5,7.000698683202211,0.9995377108929586,0.4993575375958174
439,28.0,4.0,3.0,7.0,1.0,0.75,7.000329439970399,1.0003492425357827,0.7495038137929259
440,28.0,4.0,4.0,7.0,1.0,1.0,7.000194724391077,1.0011016325787985,0.9996338028404717
441,29.0,0.0,0.0,7.25,0.0,0.0,7.250643756898046,-0.0013741318650543146,0.0024954809758616706
442,29.0,0.0,2.0,7.25,0.0,0.5,7.250504688778273,-0.0001884457317952987,0.5024649663750288
443,29.0,0.0,4.0,7.25,0.0,1.0,7.250437791654423,0.0008673736798689751,1.002430678178767
444,29.0,2.0,0.0,7.25,0.5,0.0,7.25064631180228,0.49871697820779703,0.0013631588699386694
445,29.0,2.0,2.0,7.25,0.5,0.5,7.250525427160018,0.4998019920012466,0.5013599969301102
446,29.0,2.0,4.0,7.25,0.5,1.0,7.250466671739415,0.5009001774255395,1.0012986113530686
447,29.0,4.0,0.0,7.25,1.0,0.0,7.250591328692218,0.9987658235029349,0.00012535407512702243
448,29.0,4.0,2.0,7.25,1.0,0.5,7.250595106491511,0.999823473950344,0.5004215469286649
449,29.0,4.0,4.0,7.25,1.0,1.0,7.250479376728059,1.0008215431237415,1.0002969972089406
450,30.0,0.0,0.0,7.5,0.0,0.0,7.500435949382779,-0.0009676221875567462,0.0014458051379801255
451,30.0,0.0,1.0,7.5,0.0,0.25,7.500625819910599,-0.0006075054036275978,0.25144791976134784
452,30.0,0.0,2.0,7.5,0.0,0.5,7.50059469667649,-0.0002513845481015906,0.5014469680647351
453,30.0,0.0,3.0,7.5,0.0,0.75,7.500815171066444,0.00011895482475943188,0.751410656909893
454,30.0,0.0,4.0,7.5,0.0,1.0,7.500902088483677,0.0004703274985150044,1.0013919040551893
455,30.0,1.0,0.0,7.5,0.25,0.0,7.500416059367651,0.2490045449944195,0.001080224364486769
456,30.0,1.0,2.0,7.5,0.25,0.5,7.500646767332203,0.24974337428554597,0.5010860619033783
457,30.0,1.0,4.0,7.5,0.25,1.0,7.50092345007651,0.25042064265938807,1.0011164966790018
458,30.0,2.0,0.0,7.5,0.5,0.0,7.500429842459587,0.4989838964286301,0.0007062166031717143
459,30.0,2.0,1.0,7.5,0.5,0.25,7.500636490750557,0.4993694280413369,0.2507176463867412
460,30.0,2.0,2.0,7.5,0.5,0.5,7.5006755631100575,0.49973937947624886,0.5007315160677343
461,30.0,2.0,3.0,7.5,0.5,0.75,7.500885890770904,0.5000658777543073,0.7507824637863041
462,30.0,2.0,4.0,7.5,0.5,1.0,7.500927759970375,0.5003802106219208,1.0008299731369563
463,30.0,3.0,0.0,7.5,0.75,0.0,7.50047210856482,0.7490187980994174,0.0005247244883299302
464,30.0,3.0,2.0,7.5,0.75,0.5,7.500689179684417,0.749692321926553,0.5002725892757366
465,30.0,3.0,4.0,7.5,0.75,1.0,7.50097855025135,0.7504211991723538,1.000449582362591
466,30.0,4.0,0.0,7.5,1.0,0.0,7.500483923346905,0.9990631941126278,0.00036356242797217435
467,30.0,4.0,1.0,7.5,1.0,0.25,7.500667488460262,0.9993461977767891,0.250092793249263
468,30.0,4.0,2.0,7.5,1.0,0.5,7.500695674325375,0.9996434285940762,0.49981712407200035
469,30.0,4.0,3.0,7.5,1.0,0.75,7.500956185064988,1.0000523702974333,0.7499461957879295
470,30.0,4.0,4.0,7.5,1.0,1.0,7.501037044985381,1.0004642221847,1.000063369634063
471,31.0,0.0,0.0,7.75,0.0,0.0,7.750450243202594,-0.0006567681990537048,0.000653567867761335
472,31.0,0.0,2.0,7.75,0.0,0.5,7.750543997956164,-0.00019650857543607484,0.5006574917425974
473,31.0,0.0,4.0,7.75,0.0,1.0,7.75059745779876,0.0002613402106615827,1.0006625565786778
474,31.0,2.0,0.0,7.75,0.5,0.0,7.750408118989231,0.49934441321236,0.00018368680892165244
475,31.0,2.0,2.0,7.75,0.5,0.5,7.750530553810965,0.49980614993747163,0.5001732541052903
476,31.0,2.0,4.0,7.75,0.5,1.0,7.750610854442691,0.5003099723114728,1.0001446871565147
477,31.0,4.0,0.0,7.75,1.0,0.0,7.7503711558961985,0.9993315659158772,-0.0004360935303788193
478,31.0,4.0,2.0,7.75,1.0,0.5,7.750553145030868,0.9998587178241101,0.4997882463169232
479,31.0,4.0,4.0,7.75,1.0,1.0,7.75057657910269,1.000291068668413,0.9996771110858889
480,32.0,0.0,0.0,8.0,0.0,0.0,8.000420036963712,-0.00047651845164886565,0.0003131465479218679
481,32.0,0.0,1.0,8.0,0.0,0.25,8.00031791792198,-0.0003066329482010843,0.25031731147768344
482,32.0,0.0,2.0,8.0,0.0,0.5,8.000282013836511,-0.00013848679387494457,0.5003224412642644
483,32.0,0.0,3.0,8.0,0.0,0.75,8.000210416537158,5.547654041180905e-05,0.7503355197936282
484,32.0,0.0,4.0,8.0,0.0,1.0,8.00017352265616,0.00023863436652377302,1.0003395509256547
485,32.0,1.0,0.0,8.0,0.25,0.0,8.000362718676996,0.24950915710148575,0.0001452848482847234
486,32.0,1.0,2.0,8.0,0.25,0.5,8.000289050930373,0.24986556060284776,0.5001677578959872
487,32.0,1.0,4.0,8.0,0.25,1.0,8.000166771261284,0.25019468003540307,1.0002236906007662
488,32.0,2.0,0.0,8.0,0.5,0.0,8.000296839466504,0.4995059931495722,-3.8635316280953994e-05
489,32.0,2.0,1.0,8.0,0.5,0.25,8.000298065198912,0.49969184592444627,0.24998602755890492
490,32.0,2.0,2.0,8.0,0.5,0.5,8.000293224870312,0.49986179367399003,0.5000070158113826
491,32.0,2.0,3.0,8.0,0.5,0.75,8.000204136254135,0.5000131617511321,0.7500663417109265
492,32.0,2.0,4.0,8.0,0.5,1.0,8.000148522771935,0.5001546703409538,1.0001099408609133
493,32.0,3.0,0.0,8.0,0.75,0.0,8.000343929261527,0.7495537467433936,-4.625227322303408e-05
494,32.0,3.0,2.0,8.0,0.75,0.5,8.000283551370705,0.7498239797742061,0.4997680493866518
495,32.0,3.0,4.0,8.0,0.75,1.0,8.000172013824896,0.7501955297273497,0.9999207616122521
496,32.0,4.0,0.0,8.0,1.0,0.0,8.000322078748885,0.9995924867193932,-5.44739619360525e-05
497,32.0,4.0,1.0,8.0,1.0,0.25,8.000284446313453,0.999685911798197,0.24974175104258872
498,32.0,4.0,2.0,8.0,1.0,0.5,8.000277550545896,0.9997931016184345,0.49953097400325913
499,32.0,4.0,3.0,8.0,1.0,0.75,8.00022058762411,1.0000018847329393,0.7496238495127767
500,32.0,4.0,4.0,8.0,1.0,1.0,8.000197268085007,1.0002333950245104,0.9997118716752453
501,33.0,0.0,0.0,8.25,0.0,0.0,8.25023020510254,-0.0003191936779802503,0.00038886079812757476
502,33.0,0.0,2.0,8.25,0.0,0.5,8.250194555318615,-8.23549291125735e-05,0.5004098089793658
503,33.0,0.0,4.0,8.25,0.0,1.0,8.250135121255987,0.0001269772279350659,1.000392716768094
504,33.0,2.0,0.0,8.25,0.5,0.0,8.250221830065524,0.4996866051201754,0.000160348850516412
505,33.0,2.0,2.0,8.25,0.5,0.5,8.25018625914923,0.4999163772309207,0.5001536954487731
506,33.0,2.0,4.0,8.25,0.5,1.0,8.250156622830746,0.5001667217315041,1.0001247072485842
507,33.0,4.0,0.0,8.25,1.0,0.0,8.250185791093932,0.9996927649249938,-0.00018017523721643617
508,33.0,4.0,2.0,8.25,1.0,0.5,8.250216502604163,0.9999389732431491,0.5000011943822313
509,33.0,4.0,4.0,8.25,1.0,1.0,8.250134403055272,1.0001348321115686,0.9999100055056237
510,34.0,0.0,0.0,8.5,0.0,0.0,8.500094117453264,-0.00034243392081370063,0.00033006279523673475
511,34.0,0.0,1.0,8.5,0.0,0.25,8.500128895690764,-0.00021657113410129104,0.2503050843874534
512,34.0,0.0,2.0,8.5,0.0,0.5,8.50012431299881,-0.00010483564926929812,0.5002773425836783
513,34.0,0.0,3.0,8.5,0.0,0.75,8.500157757263182,2.3836642560830526e-05,0.7502928086926525
514,34.0,0.0,4.0,8.5,0.0,1.0,8.500172312686919,0.00014184919914538675,1.000306889435825
515,34.0,1.0,0.0,8.5,0.25,0.0,8.500099801214565,0.24968669620164713,0.00019916345011329454
516,34.0,1.0,2.0,8.5,0.25,0.5,8.500143706458651,0.24990256150644324,0.5001891937937619
517,34.0,1.0,4.0,8.5,0.25,1.0,8.500171760759109,0.2501177672655626,1.0002441148467207
518,34.0,2.0,0.0,8.5,0.5,0.0,8.500083229282835,0.49970088680778957,6.954629668676505e-05
519,34.0,2.0,1.0,8.5,0.5,0.25,8.500136762676862,0.49980781913946315,0.2500962010610479
520,34.0,2.0,2.0,8.5,0.5,0.5,8.500171430049809,0.4999119526628751,0.5001131531427653
521,34.0,2.0,3.0,8.5,0.5,0.75,8.500177941162306,0.4999989629056283,0.7501387461938328
522,34.0,2.0,4.0,8.5,0.5,1.0,8.500165457150828,0.5000961057585099,1.0001653640016785
523,34.0,3.0,0.0,8.5,0.75,0.0,8.500112851901354,0.7497443119878394,0.00010210269884101581
524,34.0,3.0,2.0,8.5,0.75,0.5,8.500162167044463,0.7498905514826574,0.4999508067310147
525,34.0,3.0,4.0,8.5,0.75,1.0,8.500194881883264,0.7501164599200854,1.0000670044715239
526,34.0,4.0,0.0,8.5,1.0,0.0,8.500139994396807,0.9997944505214408,0.00015423089531943422
527,34.0,4.0,1.0,8.5,1.0,0.25,8.50016330318924,0.9998234372725812,0.2499669976456821
528,34.0,4.0,2.0,8.5,1.0,0.5,8.500157259621833,0.9998699465907084,0.49978498957550516
529,34.0,4.0,3.0,8.5,1.0,0.75,8.50019501184483,1.0000098629076521,0.7498861015262187
530,34.0,4.0,4.0,8.5,1.0,1.0,8.50022655631892,1.0001335808771288,0.9999807449012501
531,35.0,0.0,0.0,8.75,0.0,0.0,8.750074365629564,-0.0002512212065439149,0.00013252452508048766
532,35.0,0.0,2.0,8.75,0.0,0.5,8.75008107455623,-9.210863837285904e-05,0.500178661220146
533,35.0,0.0,4.0,8.75,0.0,1.0,8.750074599777586,3.1443964673802255e-05,1.0001561473598963
534,35.0,2.0,0.0,8.75,0.5,0.0,8.750085880253254,0.4997346490691031,1.1544106552539937e-05
535,35.0,2.0,2.0,8.75,0.5,0.5,8.75008518051064,0.49989689227375866,0.4999902192514452
536,35.0,2.0,4.0,8.75,0.5,1.0,8.750088781308193,0.500069540945434,0.9999839272809911
537,35.0,4.0,0.0,8.75,1.0,0.0,8.750051813608094,0.9997224548104345,-0.0002804830411126366
538,35.0,4.0,2.0,8.75,1.0,0.5,8.750115013926633,0.999923832288967,0.4998852574112064
539,35.0,4.0,4.0,8.75,1.0,1.0,8.7500760467305,1.000045697191039,0.9998042919644075
540,36.0,0.0,0.0,9.0,0.0,0.0,9.000054734555247,-0.0002765229016960322,0.00023260668067456825
541,36.0,0.0,1.0,9.0,0.0,0.25,9.000017600135111,-0.00017947192944611247,0.25017681615919385
542,36.0,0.0,2.0,9.0,0.0,0.5,9.000002660142863,-0.00010117499608185397,0.500107683836471
543,36.0,0.0,3.0,9.0,0.0,0.75,8.99996723741235,2.5872270317326434e-05,0.7501363522125739
544,36.0,0.0,4.0,9.0,0.0,1.0,8.999948426275926,0.0001494745598489533,1.000171753424453
545,36.0,1.0,0.0,9.0,0.25,0.0,9.000041393012182,0.2497443601659361,9.126054391644166e-05
546,36.0,1.0,2.0,9.0,0.25,0.5,9.000016013428342,0.24990979263361174,0.5000619640791534
547,36.0,1.0,4.0,9.0,0.25,1.0,8.999951402544914,0.25012260669584085,1.0000914469257542
548,36.0,2.0,0.0,9.0,0.5,0.0,9.000025296046697,0.49976483342406164,-4.940664067020354e-05
549,36.0,2.0,1.0,9.0,0.5,0.25,9.00002318233447,0.49984682776041467,0.24998104288095307
550,36.0,2.0,2.0,9.0,0.5,0.5,9.00002867671243,0.4999245673933417,0.5000121746218549
551,36.0,2.0,3.0,9.0,0.5,0.75,8.999987545665086,0.5000084559304433,0.7500155596995284
552,36.0,2.0,4.0,9.0,0.5,1.0,8.999955257045395,0.5000857001152981,1.000020419232003
553,36.0,3.0,0.0,9.0,0.75,0.0,9.000061029835289,0.7497820239463562,-8.115307919037838e-06
554,36.0,3.0,2.0,9.0,0.75,0.5,9.000012013610675,0.7499042354880568,0.49987812016762245
555,36.0,3.0,4.0,9.0,0.75,1.0,8.999954070751723,0.7501035355787149,0.9999715740322304
556,36.0,4.0,0.0,9.0,1.0,0.0,9.000095180990098,0.9997882712919104,3.87270326588579e-05
557,36.0,4.0,1.0,9.0,1.0,0.25,9.000049894556323,0.9998379500524269,0.2498850674811559
558,36.0,4.0,2.0,9.0,1.0,0.5,8.999993702390814,0.9998837910332071,0.49973543238414164
559,36.0,4.0,3.0,9.0,1.0,0.75,8.9999652848621,1.0000067125365057,0.7498353700405331
560,36.0,4.0,4.0,9.0,1.0,1.0,8.999949215048535,1.0001229330620678,0.9999347445083836
561,37.0,0.0,0.0,9.25,0.0,0.0,9.250001816268364,-0.00018839195261600834,0.00010606660407584076
562,37.0,0.0,2.0,9.25,0.0,0.5,9.249992294366857,-5.426533981783156e-05,0.5001759021806068
563,37.0,0.0,4.0,9.25,0.0,1.0,9.24997267351979,1.8696697927545318e-05,1.000142026209821
564,37.0,2.0,0.0,9.25,0.5,0.0,9.250007747763705,0.49981584960169195,4.465541151640433e-05
565,37.0,2.0,2.0,9.25,0.5,0.5,9.24998152614876,0.49993922240778643,0.5000080765393053
566,37.0,2.0,4.0,9.25,0.5,1.0,9.249972118887218,0.5000552501123612,1.0000141981538582
567,37.0,4.0,0.0,9.25,1.0,0.0,9.249967806644586,0.999826261783543,-0.00019705705628808223
568,37.0,4.0,2.0,9.25,1.0,0.5,9.250015363859344,0.9999679002110525,0.49995790579758037
569,37.0,4.0,4.0,9.25,1.0,1.0,9.24998359025226,1.0000298324458334,0.9998607303393003
570,38.0,0.0,0.0,9.5,0.0,0.0,9.499979172691877,-0.00011320394723121159,0.00015263115851802607
571,38.0,0.0,1.0,9.5,0.0,0.25,9.499990875768122,-8.846909492352859e-05,0.25008800260819164
572,38.0,0.0,2.0,9.5,0.0,0.5,9.499975172053732,-5.652097391069511e-05,0.5000182797170187
573,38.0,0.0,3.0,9.5,0.0,0.75,9.49998516789587,1.5878209190313817e-05,0.7500415330057985
574,38.0,0.0,4.0,9.5,0.0,1.0,9.499993830413391,7.722888384790735e-05,1.00006286678627
575,38.0,1.0,0.0,9.5,0.25,0.0,9.49996715057813,0.24988910908370485,5.6472561681420624e-05
576,38.0,1.0,2.0,9.5,0.25,0.5,9.499991751632344,0.2499432336605717,0.5000299740428454
577,38.0,1.0,4.0,9.5,0.25,1.0,9.49999080945597,0.2500464060652531,1.0000620002493368
578,38.0,2.0,0.0,9.5,0.5,0.0,9.499978919240395,0.49989132398944813,-5.203659652428228e-05
579,38.0,2.0,1.0,9.5,0.5,0.25,9.499997447823315,0.4999173276882743,0.24999554750908531
580,38.0,2.0,2.0,9.5,0.5,0.5,9.500009464901657,0.49994329552030353,0.5000427293162795
581,38.0,2.0,3.0,9.5,0.5,0.75,9.499991523515522,0.4999775766651895,0.7500468043576062
582,38.0,2.0,4.0,9.5,0.5,1.0,9.499979223823262,0.5000120073607636,1.000044586270504
583,38.0,3.0,0.0,9.5,0.75,0.0,9.50000634025225,0.7498524151909319,1.4037799297377259e-05
584,38.0,3.0,2.0,9.5,0.75,0.5,9.50000259491413,0.7499074523781268,0.4999362442626715
585,38.0,3.0,4.0,9.5,0.75,1.0,9.499962399753246,0.7500266459665834,1.0000502007011052
586,38.0,4.0,0.0,9.5,1.0,0.0,9.500040310570265,0.9998085863552314,7.410355167957349e-05
587,38.0,4.0,1.0,9.5,1.0,0.25,9.500018100137197,0.999849603815334,0.24995738722569483
588,38.0,4.0,2.0,9.5,1.0,0.5,9.499989801822185,0.9998783532103407,0.4998446700094912
589,38.0,4.0,3.0,9.5,1.0,0.75,9.499965622101616,0.9999619011905073,0.7499504885274879
590,38.0,4.0,4.0,9.5,1.0,1.0,9.499940035092951,1.000037066329693,1.0000586695653313
591,39.0,0.0,0.0,9.75,0.0,0.0,9.750019620148883,-7.83539993730798e-05,-4.6610270093558185e-05
592,39.0,0.0,2.0,9.75,0.0,0.5,9.749999170854414,-7.006756943298924e-05,0.5000228174484381
593,39.0,0.0,4.0,9.75,0.0,1.0,9.749972901485984,-8.570034675154384e-05,0.9999965558216974
594,39.0,2.0,0.0,9.75,0.5,0.0,9.749999370286679,0.4998983032606495,4.176452012873214e-06
595,39.0,2.0,2.0,9.75,0.5,0.5,9.749994304357719,0.4999344882686535,0.49995373079256705
596,39.0,2.0,4.0,9.75,0.5,1.0,9.749999312208649,0.4999631471381005,0.9999451602086267
597,39.0,4.0,0.0,9.75,1.0,0.0,9.750004627601456,0.9999137780851991,-0.0001441548772555142
598,39.0,4.0,2.0,9.75,1.0,0.5,9.750004451178789,0.9999767087560819,0.49998645334119723
599,39.0,4.0,4.0,9.75,1.0,1.0,9.750015812957054,0.9999580406316251,0.9998807840500005
600,40.0,0.0,0.0,10.0,0.0,0.0,10.00008651461384,-5.5533681138579674e-05,8.374390931316678e-05
601,40.0,0.0,1.0,10.0,0.0,0.25,10.0,-4.587213362234943e-05,0.25
602,40.0,0.0,2.0,10.0,0.0,0.5,9.999995509585576,-4.624281578314209e-05,0.4999321734227125
603,40.0,0.0,3.0,10.0,0.0,0.75,10.000015028688003,-2.1535215672410316e-05,0.7499460341304635
604,40.0,0.0,4.0,10.0,0.0,1.0,10.000041479100414,5.230816249107509e-06,0.9999613438012428
605,40.0,1.0,0.0,10.0,0.25,0.0,10.000037874938595,0.24995020759889758,1.730259648739321e-05
606,40.0,1.0,2.0,10.0,0.25,0.5,10.0,0.24994462232618464,0.5
607,40.0,1.0,4.0,10.0,0.25,1.0,9.999973852284265,0.24995706823777472,1.000025372625652
608,40.0,2.0,0.0,10.0,0.5,0.0,9.999981839242707,0.499950737408509,-6.562764704892823e-05
609,40.0,2.0,1.0,10.0,0.5,0.25,10.0,0.49994482729406875,0.25
610,40.0,2.0,2.0,10.0,0.5,0.5,9.999999065470982,0.4999314530629859,0.5000611933460561
611,40.0,2.0,3.0,10.0,0.5,0.75,9.999953832815079,0.49993139989357055,0.7500714896329357
612,40.0,2.0,4.0,10.0,0.5,1.0,9.999910228202724,0.499910064539516,1.000085698156459
613,40.0,3.0,0.0,10.0,0.75,0.0,10.000003016908888,0.7498748473807884,4.64076759711943e-05
614,40.0,3.0,2.0,10.0,0.75,0.5,10.0,0.7498906393619232,0.5
615,40.0,3.0,4.0,10.0,0.75,1.0,9.999865175908717,0.7499313244509871,1.000125763634081
616,40.0,4.0,0.0,10.0,1.0,0.0,10.000037312019499,0.9998002675372115,0.00010123658307941207
617,40.0,4.0,1.0,10.0,1.0,0.25,10.0,0.9998367264736397,0.25
618,40.0,4.0,2.0,10.0,1.0,0.5,10.000012865751438,0.9998569979713199,0.49990996714545777
619,40.0,4.0,3.0,10.0,1.0,0.75,9.99992097378766,0.9998935505612347,0.7500373340987863
620,40.0,4.0,4.0,10.0,1.0,1.0,9.999834537848637,0.9999511866432577,1.0001567975904218
